"tile_id","tile_name","features","size_mb"
2,"south",2872,7.54243278503418
3,"southeast",670,12.9366035461426
5,"central",9546,28.7008724212646
6,"east",6177,61.1703653335571
7,"northwest",22,0.143815040588379
8,"north",7113,69.6246604919434
9,"northeast",13186,32.8282623291016
