"tile_id","tile_name","features","size_mb"
2,"south",2743,2.10218334197998
3,"southeast",1493,2.77031993865967
5,"central",8416,6.10350799560547
6,"east",6389,6.22634506225586
7,"northwest",13,0.00554752349853516
8,"north",6176,6.65565872192383
9,"northeast",11829,5.98415374755859
